Episode #,Song Questions + Snack Time Game,Air Date,Month,Year
1,BTS - DNA,"April 7, 2018",April,2018
1,Bolbbalgan4 - Fight Day,"April 7, 2018",April,2018
1,Seventeen - Very Nice,"April 7, 2018",April,2018
2,Chakra - Hey U,"April 14, 2018",April,2018
2,Girls' Generation-TTS - Adrenaline,"April 14, 2018",April,2018
2,AKMU - Crescendo,"April 14, 2018",April,2018
3,Exo - Lotto,"April 21, 2018",April,2018
3,Sharp - Sweety,"April 21, 2018",April,2018
3,AOA - Heart Attack,"April 21, 2018",April,2018
4,Twice - Heart Shaker,"April 28, 2018",April,2018
4,Tashannie - Warning,"April 28, 2018",April,2018
4,Winner - Really Really,"April 28, 2018",April,2018
5,BTS - MIC Drop,"May 5, 2018",May,2018
5,Lee Seung-hwan - Entreaty,"May 5, 2018",May,2018
6,Fin.K.L - Pride,"May 12, 2018",May,2018
6,Got7 - Hard Carry,"May 12, 2018",May,2018
7,Highlight - Plz Don't Be Sad,"May 19, 2018",May,2018
7,Girls' Generation - Hoot,"May 19, 2018",May,2018
8,Lee Jung-hyun - Change,"May 26, 2018",May,2018
8,Super Junior - Devil,"May 26, 2018",May,2018
9,MOBB - Hit Me,"June 2, 2018",June,2018
9,Cool - This Summer,"June 2, 2018",June,2018
10,2NE1 - I Am the Best,"June 9, 2018",June,2018
10,Seventeen - Mansae,"June 9, 2018",June,2018
11,Sechs Kies - Chivalry,"June 16, 2018",June,2018
11,Hockee - Would You Pick Me Up,"June 16, 2018",June,2018
12,Big Bang - Bae Bae,"June 23, 2018",June,2018
12,Twice - Like Ooh-Ahh,"June 23, 2018",June,2018
13,Shinhwa - Resolver,"June 30, 2018",June,2018
13,EXID - Hot Pink,"June 30, 2018",June,2018
14,Red Velvet - Ice Cream Cake,"July 7, 2018",July,2018
14,Kim Gun-mo - Theme Game,"July 7, 2018",July,2018
15,AOA - Cherry Pop,"July 14, 2018",July,2018
15,Yangpa - Marry Me,"July 14, 2018",July,2018
16,KARA - Damaged Lady,"July 21, 2018",July,2018
16,AKMU - How People Move,"July 21, 2018",July,2018
17,Ivy - Sonata of Temptation,"July 28, 2018",July,2018
17,Hyukoh - Big Bird,"July 28, 2018",July,2018
18,Bolbbalgan4 - Blue,"August 4, 2018",August,2018
18,iKON - Rhythm Ta,"August 4, 2018",August,2018
19,Wheesung - Insomnia,"August 11, 2018",August,2018
19,Rain - La Song,"August 11, 2018",August,2018
20,Blackpink - Ddu-Du Ddu-Du,"August 18, 2018",August,2018
20,Skull - One Day,"August 18, 2018",August,2018
21,Block B - HER,"August 25, 2018",August,2018
21,Autumn Vacation - Between Yellow and Red,"August 25, 2018",August,2018
22,Bobby (iKON) - YGGR#HIPHOP,"September 1, 2018",September,2018
22,Brown Eyed Girls - Sixth Sense,"September 1, 2018",September,2018
23,Seo Taiji and Boys - Pilseung,"September 8, 2018",September,2018
23,Jay Park - Girl Friend,"September 8, 2018",September,2018
24,Mamamoo - Yes I Am,"September 15, 2018",September,2018
24,D.Bace - Everything to You,"September 15, 2018",September,2018
25,Busker Busker - It's Hard to Face You,"September 22, 2018",September,2018
25,Yang Hyun-suk - Smoke of The Devil,"September 22, 2018",September,2018
26,AKMU - Reality,"September 29, 2018",September,2018
26,Boom - Shout,"September 29, 2018",September,2018
27,Lee Hyun-do - Sajahoo,"October 6, 2018",October,2018
27,Dean - instagram,"October 6, 2018",October,2018
28,BTS - Fake Love,"October 13, 2018",October,2018
28,Wheesung - Love is Delicious,"October 13, 2018",October,2018
29,Noise - You In My Imagination,"October 20, 2018",October,2018
29,"Zico (Block B) (feat. Crush, Dean) - Bermuda Triangle","October 20, 2018",October,2018
30,UP - Sea,"October 27, 2018",October,2018
30,G-Dragon (Big Bang) - Crayon,"October 27, 2018",October,2018
31,Bada - Mad,"November 3, 2018",November,2018
31,Dynamic Duo - Fireworks,"November 3, 2018",November,2018
32,Seventeen - Pretty U,"November 10, 2018",November,2018
32,Buzz - Tree,"November 10, 2018",November,2018
33,Space A - Maturity,"November 17, 2018",November,2018
33,Humming Urban Stereo - Stalker,"November 17, 2018",November,2018
34,Baby V.O.X - Ya Ya Ya,"November 24, 2018",November,2018
34,Crush (feat. Zico (Block B)) - Cereal,"November 24, 2018",November,2018
35,EXO - Overdose,"December 1, 2018",December,2018
35,Rainbow - A,"December 1, 2018",December,2018
36,Turbo - My Childhood Dream,"December 8, 2018",December,2018
36,Orange Caramel - Bangkok City,"December 8, 2018",December,2018
37,Celeb Five - Shutter,"December 15, 2018",December,2018
37,Park Hyo-shin - Good Person,"December 15, 2018",December,2018
38,Young Turks Club - Ugly Complex,"December 22, 2018",December,2018
38,Wanna One - Flowerbomb,"December 22, 2018",December,2018
39,Sechs Kies - Road Fighter,"December 29, 2018",December,2018
39,K/DA - Pop/Stars,"December 29, 2018",December,2018
40,BTS - Dope,"January 5, 2019",January,2019
40,Kim Johan - Love Prepared For You,"January 5, 2019",January,2019
41,Kan Mi-youn (feat. Eric) - Paparazzi,"January 12, 2019",January,2019
41,Epik High (feat. Younha) - Umbrella,"January 12, 2019",January,2019
42,SHINee - Ring Ding Dong,"January 19, 2019",January,2019
42,IU - Bbibbi,"January 19, 2019",January,2019
43,G-Dragon (Big Bang) - MichiGO,"January 26, 2019",January,2019
43,Shin Shin-ae - Crazy World,"January 26, 2019",January,2019
44,Eagle Five - Squid Alien,"February 2, 2019",February,2019
44,Mamamoo - Egotistic,"February 2, 2019",February,2019
45,Pipi Band - How to Chew Chewy Gum,"February 9, 2019",February,2019
45,Zico (Block B) (feat. IU) - SoulMate,"February 9, 2019",February,2019
46,Lee Jung-hyun - Give To You,"February 16, 2019",February,2019
46,Hockee - Dreaming Boy,"February 16, 2019",February,2019
47,Untitle - Wings,"February 23, 2019",February,2019
47,Dal Shabet - Supa Dupa Diva,"February 23, 2019",February,2019
48,Novasonic - Another Truth,"March 2, 2019",March,2019
48,AKMU - Dinosaur,"March 2, 2019",March,2019
49,Twice - Touchdown,"March 9, 2019",March,2019
49,Bros - Win Win,"March 9, 2019",March,2019
50,Infinite - Be Mine,"March 16, 2019",March,2019
50,Suran - A Pleasant Meal,"March 16, 2019",March,2019
51,Jinusean - A Yo!,"March 23, 2019",March,2019
51,Lee Seung-hwan - At The Hair Salon,"March 23, 2019",March,2019
52,Apink - I'm So Sick,"March 30, 2019",March,2019
52,Kim Boo-yong - Poverty Inside The Wealthy,"March 30, 2019",March,2019
53,EXO - Mama,"April 6, 2019",April,2019
53,Yoon Jong-shin - Empty City,"April 6, 2019",April,2019
54,Hyun Young - Nuna's Dream,"April 13, 2019",April,2019
54,Jang Beom-june - To Ilsan,"April 13, 2019",April,2019
55,Girls' Generation - Lion Heart,"April 20, 2019",April,2019
55,Toy - Complex,"April 20, 2019",April,2019
56,R.ef - Brilliant Love (Heartbreak II),"April 27, 2019",April,2019
56,Key (SHINee) (feat. Soyeon ((G)I-DLE)) - I Wanna Be,"April 27, 2019",April,2019
57,Lee So-ra + Park Hyo-shin - It's Gonna Be Rolling,"May 4, 2019",May,2019
57,Hanhae (feat. Dope'Doug) - Clip Clop,"May 4, 2019",May,2019
58,Goofy - Tragic Love,"May 11, 2019",May,2019
58,BTS (feat. Halsey) - Boy with Luv,"May 11, 2019",May,2019
59,Jannabi - Summer,"May 18, 2019",May,2019
59,Seventeen - Oh My!,"May 18, 2019",May,2019
60,Clon - Come To Me,"May 25, 2019",May,2019
60,Hockee - Strawberry Shampoo,"May 25, 2019",May,2019
61,Twice - Fancy,"June 1, 2019",June,2019
61,VIXX - Love Equation,"June 1, 2019",June,2019
62,Apink - %% (Eung Eung),"June 8, 2019",June,2019
62,So Ji-sub - So Ganzi,"June 8, 2019",June,2019
63,Sechs Kies - Escape,"June 15, 2019",June,2019
63,Girls' Generation - All Night,"June 15, 2019",June,2019
64,TVXQ - Keep Your Head Down,"June 22, 2019",June,2019
64,Bolbbalgan4 - #First Love,"June 22, 2019",June,2019
65,Brown Eyed Girls - How Come,"June 29, 2019",June,2019
65,"Heize (feat. Dean, DJ Friz) - And July","June 29, 2019",June,2019
66,BTS - Boy In Luv,"July 6, 2019",July,2019
66,Hyun Young - Love Revolution,"July 6, 2019",July,2019
67,f(x) - Hot Summer,"July 13, 2019",July,2019
67,Yang Dong-geun - Alley,"July 13, 2019",July,2019
68,T-ara - I Go Crazy Because Of You,"July 20, 2019",July,2019
68,SHINee - Amigo,"July 20, 2019",July,2019
69,Girl - Aspirin,"July 27, 2019",July,2019
69,Yoo Se-yoon - Pyongyang Naengmyeon (with Jung Sang-hoon),"July 27, 2019",July,2019
70,Red Velvet - Zimzalabim,"August 3, 2019",August,2019
70,Bijou - Love You More Than Anyone,"August 3, 2019",August,2019
71,AKMU - 200%,"August 10, 2019",August,2019
71,The Grace - Dancer In The Rain,"August 10, 2019",August,2019
72,Diva - Yes,"August 17, 2019",August,2019
72,Nucksal + Jo Woo-chan (feat. Don Mills) - What You Call is The Price,"August 17, 2019",August,2019
73,EXO - Tempo,"August 24, 2019",August,2019
73,Papaya - Making Love,"August 24, 2019",August,2019
74,IZ*ONE - O' My!,"August 31, 2019",August,2019
74,Kim Hyun-jung - Truth and Techniques,"August 31, 2019",August,2019
75,IU - Jam Jam,"September 7, 2019",September,2019
75,Kim Jong-seo - Plastic Syndrome,"September 7, 2019",September,2019
76,Bolbbalgan4 - To My Youth,"September 21, 2019",September,2019
76,T.T.Ma - Prism,"September 21, 2019",September,2019
77,BTS - Fire,"September 28, 2019",September,2019
77,Ivy - A-Ha,"September 28, 2019",September,2019
78,Hyuna (feat. Jung Il-hoon (BtoB)) - Roll Deep,"October 5, 2019",October,2019
78,EXO-CBX - Lazy,"October 5, 2019",October,2019
79,Gray - TMI,"October 12, 2019",October,2019
79,Orange Caramel - Shanghai Romance,"October 12, 2019",October,2019
80,Fin.K.L - Shadow,"October 19, 2019",October,2019
80,Ravi (VIXX) - Tuxedo,"October 19, 2019",October,2019
81,Rain - Hip Song,"October 26, 2019",October,2019
81,Park Ji-yoon - Broken,"October 26, 2019",October,2019
82,Bewhy (feat. Jay Park) - Day Day,"November 2, 2019",November,2019
82,So Chan-whee - Hold Me Now,"November 2, 2019",November,2019
83,Giriboy (feat. Heize) - Traffic Control,"November 16, 2019",November,2019
83,Lee Hye-young - La Dolce Vita,"November 16, 2019",November,2019
84,"One Two - Now, Hips","November 23, 2019",November,2019
84,WJSN - Boogie Up,"November 23, 2019",November,2019
85,Kim Hyun-jung - Lonely Love,"November 30, 2019",November,2019
85,(G)I-DLE - Uh-Oh,"November 30, 2019",November,2019
86,Hyeon In - Silla's Moon Night,"December 7, 2019",December,2019
86,Lee Hyo-ri - Depth,"December 7, 2019",December,2019
87,Baby V.O.X - Get Up,"December 14, 2019",December,2019
87,EXO - Gravity,"December 14, 2019",December,2019
88,Twice - Likey,"December 21, 2019",December,2019
88,Ailee - Mind Your Own Business,"December 21, 2019",December,2019
89,IU - Blueming,"December 28, 2019",December,2019
89,VIXX - Chained Up,"December 28, 2019",December,2019
90,Mamamoo - Hip,"January 4, 2020",January,2020
90,Seomoon Tak - Chain,"January 4, 2020",January,2020
91,Girls' Generation - Echo,"January 11, 2020",January,2020
91,Hockee (feat. Yoo Sang-bong) - Balloon Dog,"January 11, 2020",January,2020
92,Cool - Sleep Again,"January 18, 2020",January,2020
92,Han Young-ae - Nonsense,"January 18, 2020",January,2020
93,Red Velvet - Psycho,"January 25, 2020",January,2020
93,Riaa - Personality,"January 25, 2020",January,2020
94,Seventeen - Clap,"February 1, 2020",February,2020
94,Kim Tae-woo (g.o.d) - Memories and Remembrance,"February 1, 2020",February,2020
95,Jinusean (feat. Uhm Jung-hwa) - Tell Me,"February 8, 2020",February,2020
95,Bolbbalgan4 - 25,"February 8, 2020",February,2020
96,Cho Yong-pil - Red Dragonfly,"February 15, 2020",February,2020
96,Zico (Block B) - Any Song,"February 15, 2020",February,2020
97,T-ara - Like The First Time,"February 22, 2020",February,2020
97,Davichi - Again,"February 22, 2020",February,2020
Special 3,f(x) - Pinocchio (Danger),"February 26, 2020",February,2020
Special 3,Hyun Jin-young - Break Me Down,"February 26, 2020",February,2020
98,Changmo - Meteor,"February 29, 2020",February,2020
98,O.P.P.A 007 - Come! Come!,"February 29, 2020",February,2020
99,Turbo - Twist King,"March 7, 2020",March,2020
100,BTS - Idol,"March 14, 2020",March,2020
101,Yoon Si-nae - Dating,"March 21, 2020",March,2020
101,SHINee - Clue,"March 21, 2020",March,2020
102,Turtles - Bingo,"March 28, 2020",March,2020
102,Kim Yeon-woo - Homesick,"March 28, 2020",March,2020
103,Mamamoo - Décalcomanie,"April 11, 2020",April,2020
103,Im Chang-jung - What! What!,"April 11, 2020",April,2020
104,U-Know Yunho (TVXQ) - Why,"April 18, 2020",April,2020
104,To-ya - Look,"April 18, 2020",April,2020
105,Click-B - Undefeatable,"April 25, 2020",April,2020
105,Stella Jang - Alcoholman,"April 25, 2020",April,2020
106,Carnival - Go Get Her,"May 2, 2020",May,2020
106,TXT - 9 and Three Quarters (Run Away),"May 2, 2020",May,2020
107,Lovelyz - Destiny,"May 9, 2020",May,2020
107,ZE:A - Mazeltov,"May 9, 2020",May,2020
108,Cool - Misery,"May 16, 2020",May,2020
108,Dean - bonnie & clyde,"May 16, 2020",May,2020
109,Gloomy 30's - Change,"May 23, 2020",May,2020
109,Lee So-eun - Kitchen,"May 23, 2020",May,2020
110,Kim Won-jun - You're Mine,"May 30, 2020",May,2020
110,Zion.T - Ideal,"May 30, 2020",May,2020
111,IU (feat. Suga (BTS)) - eight,"June 6, 2020",June,2020
111,Taesaja - Affection,"June 6, 2020",June,2020
112,Diva - Perfect!,"June 13, 2020",June,2020
112,Diva - Perfect!,"June 13, 2020",June,2020
113,EXO - Girl x Friend,"June 20, 2020",June,2020
113,Oh My Girl - Bungee (Fall in Love),"June 20, 2020",June,2020
114,AKMU - Idea,"June 27, 2020",June,2020
114,Maya - Coolly,"June 27, 2020",June,2020
115,NRG - Hurray For a Virile Son of Korea,"July 4, 2020",July,2020
115,Blackpink - See U Later,"July 4, 2020",July,2020
116,Boom - Beautiful,"July 11, 2020",July,2020
116,Red Velvet - Rookie,"July 11, 2020",July,2020
117,Norazo - Rock Star,"July 18, 2020",July,2020
117,Apink - Dumhdurum,"July 18, 2020",July,2020
118,Jang Beom-june - Crush,"July 25, 2020",July,2020
118,Ravi (VIXX) (feat. Paloalto) - Rock Star,"July 25, 2020",July,2020
119,Lady Gaga + Blackpink - Sour Candy,"August 1, 2020",August,2020
119,Uptown - Back To Me,"August 1, 2020",August,2020
120,Hwasa (Mamamoo) - Maria,"August 8, 2020",August,2020
120,ZE:A - The Ghost of Wind,"August 8, 2020",August,2020
121,Buck - The Age of Success,"August 15, 2020",August,2020
121,Secret - Poison,"August 15, 2020",August,2020
122,Crush (feat. Joy (Red Velvet)) - Mayday,"August 22, 2020",August,2020
122,Ateez - THANXX,"August 22, 2020",August,2020
123,Oh My Girl - Nonstop,"August 29, 2020",August,2020
123,Chakra - Oh! My Boy,"August 29, 2020",August,2020
124,Park Nam-jung - Days With Rain,"September 5, 2020",September,2020
124,Seventeen - Boom Boom,"September 5, 2020",September,2020
125,Ryang Hyun Ryang Ha (feat. Park Ji-yoon) - She Was 2 Years Older,"September 12, 2020",September,2020
125,Lee Seung-hwan - Where is My Girl,"September 12, 2020",September,2020
126,2AM - I Was Wrong,"September 19, 2020",September,2020
126,Changmo (feat. Chungha) - Remedy,"September 19, 2020",September,2020
127,BTS - Go Go,"September 26, 2020",September,2020
127,Jessi - Nunu Nana,"September 26, 2020",September,2020
128,Yang Bae-chu - That Girl's Phone Number,"October 3, 2020",October,2020
128,Mamamoo - Aze Gag,"October 3, 2020",October,2020
129,Itzy - Not Shy,"October 10, 2020",October,2020
129,g.o.d (feat. IU) - Sing For Me,"October 10, 2020",October,2020
130,Super Junior (feat. f(x)) - Oops!,"October 17, 2020",October,2020
130,Fin.K.L - Time of Mask,"October 17, 2020",October,2020
131,Psy (feat. G-Dragon (Big Bang)) - Tree Frog,"October 24, 2020",October,2020
131,Gigs - Village Music Brigade,"October 24, 2020",October,2020
132,AKMU - Love in the Milky Way Cafe,"October 31, 2020",October,2020
132,BESTie - Love Options,"October 31, 2020",October,2020
133,Zaza - She Came,"November 7, 2020",November,2020
133,"Zico (Block B) - I Am You, You Are Me","November 7, 2020",November,2020
134,Seventeen - Adore U,"November 14, 2020",November,2020
134,Hockee - Best in the Universe!,"November 14, 2020",November,2020
135,Girl's Day - Ring My Bell,"November 21, 2020",November,2020
135,B.B - Tragic Love,"November 21, 2020",November,2020
136,DJ DOC - Together,"November 28, 2020",November,2020
136,"Lovelyz - Now, We","November 28, 2020",November,2020
137,Urban Zakapa (feat. Beenzino) - Seoul Night,"December 5, 2020",December,2020
137,CL - MTBD (Mental Breakdown),"December 5, 2020",December,2020
138,Ryang Hyun Ryang Ha - What's The Dance?,"December 12, 2020",December,2020
138,"Jawsh 685, Jason Derulo, BTS - Savage Love (Laxed - Siren Beat) (BTS Remix)","December 12, 2020",December,2020
139,Twice - Hell in Heaven,"December 19, 2020",December,2020
139,"Giriboy (feat. The Quiett, Bewhy) - Skyblue","December 19, 2020",December,2020
140,Wonder Girls - I Feel You,"December 26, 2020",December,2020
140,Sunny Hill - Princess and Prince Charming,"December 26, 2020",December,2020
141,Lexa - Love Valentine,"January 2, 2021",January,2021
141,BtoB - All Wolves Except Me,"January 2, 2021",January,2021
142,Nine Muses - Drama,"January 9, 2021",January,2021
142,g.o.d - Sky Blue Promise,"January 9, 2021",January,2021
143,Cool - Woman in the Snow,"January 16, 2021",January,2021
143,Lovelyz - WoW!,"January 16, 2021",January,2021
144,Max Changmin (TVXQ) - Piano,"January 23, 2021",January,2021
144,Hello Venus - I'm Ill,"January 23, 2021",January,2021
145,Young Turks Club - Jealousy,"January 30, 2021",January,2021
145,Sunmi - Noir,"January 30, 2021",January,2021
146,Baby V.O.X - Change,"February 6, 2021",February,2021
147,Lee Jung-hyun - Hey!,"February 13, 2021",February,2021
147,Davichi (feat. Jay Park) - White,"February 13, 2021",February,2021
148,Psy (feat. Tablo (Epik High)) - Auto Reverse,"February 20, 2021",February,2021
148,Laboum - Shooting Love,"February 20, 2021",February,2021
149,Seventeen - Do Re Mi,"February 27, 2021",February,2021
149,Weki Meki - Tiki-Taka (99%),"February 27, 2021",February,2021
150,Lexy - Girls,"March 6, 2021",March,2021
150,Jessi - Life is Good,"March 6, 2021",March,2021
151,Gray (feat. Loco) - Just Do It,"March 13, 2021",March,2021
151,TXT - Drama,"March 13, 2021",March,2021
152,Koyote - Party Party,"March 20, 2021",March,2021
152,Norazo - Ineffective Boss Without Power,"March 20, 2021",March,2021
153,Got7 - Girls Girls Girls,"March 27, 2021",March,2021
153,Dal Shabet - B.B.B (Big Baby Baby),"March 27, 2021",March,2021
154,Beenzino - Break,"April 3, 2021",April,2021
154,Hyun-i & Deok-i - Wait A Minute,"April 3, 2021",April,2021
155,H.O.T. - Warrior's Descendant,"April 10, 2021",April,2021
155,Apink - Drummer Boy,"April 10, 2021",April,2021
156,Buzz - Love Comes From the Heart,"April 17, 2021",April,2021
156,Mamamoo - Dingga,"April 17, 2021",April,2021
157,IU - Coin,"April 24, 2021",April,2021
157,Brave Girls - We Ride,"April 24, 2021",April,2021
158,APOKI - Get It Out,"May 1, 2021",May,2021
158,V.O.S - Cry,"May 1, 2021",May,2021
159,BTS - Save ME,"May 8, 2021",May,2021
159,Monsta X - Shoot Out,"May 8, 2021",May,2021
160,Uhm Jung-hwa - Poison,"May 15, 2021",May,2021
160,Nine Muses A - Lip 2 Lip,"May 15, 2021",May,2021
161,g.o.d - With Little Man,"May 22, 2021",May,2021
161,Hwasa (Mamamoo) - Kidding,"May 22, 2021",May,2021
162,Gaeko (Dynamic Duo) - Rhythm Is Life (Feeling So Good),"May 29, 2021",May,2021
162,ONF - Yayaya,"May 29, 2021",May,2021
163,Sharp - Lying,"June 5, 2021",June,2021
163,K.Will (feat. Beenzino) - Bon Voyage,"June 5, 2021",June,2021
164,Lee Hyo-ri - Straight Up,"June 12, 2021",June,2021
164,GFriend - Mermaid,"June 12, 2021",June,2021
165,Zico (Block B) - No You Can't,"June 19, 2021",June,2021
165,T-ara - So Crazy,"June 19, 2021",June,2021
166,Monsta X - Trespass,"June 26, 2021",June,2021
166,Oh My Girl - NE♡N,"June 26, 2021",June,2021
167,Seventeen - Run To You,"July 3, 2021",July,2021
167,Lovelyz - Dream in a Dream,"July 3, 2021",July,2021
168,G-Dragon (Big Bang) - One of a Kind,"July 10, 2021",July,2021
168,Day6 - Ouch,"July 10, 2021",July,2021
169,Turbo - Napoleon,"July 17, 2021",July,2021
169,WJSN - Happy,"July 17, 2021",July,2021
170,Lee So-ra - Let Love Stop,"July 24, 2021",July,2021
170,Golden Child - DamDaDi,"July 24, 2021",July,2021
171,Cool - I Want Love,"July 31, 2021",July,2021
172,Orange Caramel - Abing Abing,"August 7, 2021",August,2021
173,Kim Hyun-jung - Don't You Follow Me,"August 14, 2021",August,2021
173,"Uhm Jung-hwa (feat. Hwasa, DPR Live) - Hop In","August 14, 2021",August,2021
174,Im Chang-jung - Change of Heart,"August 21, 2021",August,2021
174,AKMU - Chocolady,"August 21, 2021",August,2021
175,Sumi Jo + Rain - Guardians,"August 28, 2021",August,2021
175,Nemesis - Rose of Versailles,"August 28, 2021",August,2021
176,Brown Eyed Girls (feat. Uhm Jung-hwa) - Invitation,"September 4, 2021",September,2021
176,Super Junior-D&E - Danger,"September 4, 2021",September,2021
177,"Epik High (feat. Taru) - 1 Minute, 1 Second","September 11, 2021",September,2021
177,TXT - What If I Had Been That Puma,"September 11, 2021",September,2021
178,Lee Jung-hyun - Eat Well Live Well...,"September 18, 2021",September,2021
178,Zico (Block B) (feat. Bibi) - Love & Hate,"September 18, 2021",September,2021
179,BTS - Telepathy,"September 25, 2021",September,2021
179,"Turbo (feat. Lee Ha-neul, Jinu & Lee Sang-min) - Top 10 Songs","September 25, 2021",September,2021
180,Jessi - Star,"October 2, 2021",October,2021
180,Electron Sheep - Sugar Man,"October 2, 2021",October,2021
181,S.E.S. - Twilight Zone,"October 9, 2021",October,2021
181,Seventeen - GAM3 BO1,"October 9, 2021",October,2021
182,J.ae (feat. Humming Urban Stereo) - Toast,"October 16, 2021",October,2021
182,The 5 Emperors - Wonderful Barn,"October 16, 2021",October,2021
183,Taesaja - The Way,"October 23, 2021",October,2021
183,CL - +HWA+,"October 23, 2021",October,2021
184,SHINee - Love Still Goes On,"October 30, 2021",October,2021
184,Itzy - Loco,"October 30, 2021",October,2021
185,Winner - Just Dance,"November 6, 2021",November,2021
186,Ha Ji-won - Two-Time,"November 13, 2021",November,2021
186,Little Mix - Wings (Korean Ver.),"November 13, 2021",November,2021
187,"Simon Dominic (feat. Loopy, Crush) - Make Her Dance","November 20, 2021",November,2021
187,Twice - Rollin',"November 20, 2021",November,2021
188,Red Velvet - Pose,"November 27, 2021",November,2021
188,"Lee Young-ji (feat. Woo Won-jae, Changmo, & The Quiett) - Go High","November 27, 2021",November,2021
189,Crying Nut - Funny Song,"December 4, 2021",December,2021
189,Park Moon-chi - MBTI,"December 4, 2021",December,2021
190,Sharp - Yes,"December 11, 2021",December,2021
190,WJSN - Mr. Badboy,"December 11, 2021",December,2021
191,Kim Jin-pyo (feat. Kim Jin-ho (SG Wannabe)) - Romantic Winter,"December 18, 2021",December,2021
191,EXID - DDD,"December 18, 2021",December,2021
192,Turbo - White Love,"December 25, 2021",December,2021
192,Apink - It Girl,"December 25, 2021",December,2021
193,Goofy - Everything Will Be Fine,"January 1, 2022",January,2022
193,"OLNL (feat. Yunhway, Giriboy) - ZERO%","January 1, 2022",January,2022
194,Sistar (feat. Giriboy) - Don't Be Such A Baby,"January 8, 2022",January,2022
194,AKMU - Re-Bye,"January 8, 2022",January,2022
195,Paul Kim - Begin Again,"January 15, 2022",January,2022
195,No Brain (feat. Tiger JK) - You Have a Crush on Me,"January 15, 2022",January,2022
196,Day6 - Blood,"January 22, 2022",January,2022
196,"Djamilya Abdullaeva - Hate You, Honey","January 22, 2022",January,2022
197,Tae Jin-ah (feat. Rain) - La Song,"January 29, 2022",January,2022
198,Rain - Gang,"February 5, 2022",February,2022
198,Celeb Five - I Wish I Could Unsee That (Rock Ver.),"February 5, 2022",February,2022
199,Wonder Girls - G.N.O.,"February 12, 2022",February,2022
199,Shim Eun-jin - Oopsy,"February 12, 2022",February,2022
200,Oh My Girl (feat. Skull & Haha) - Listen to My Word (A-ing),"February 19, 2022",February,2022
201,Super Junior - Spy,"February 26, 2022",February,2022
201,Girl's Day - Top Girl,"February 26, 2022",February,2022
202,Orange Caramel - Funny Hunny,"March 5, 2022",March,2022
202,Jang Beom-june - I Will Make You Happy,"March 5, 2022",March,2022
203,Solid - Like Likes Like,"March 12, 2022",March,2022
203,Park Mi-kyung - Adam's Mind,"March 12, 2022",March,2022
204,"Giriboy, Kid Milli, NO:EL, Swings - Flex","March 19, 2022",March,2022
204,Baechigi - Turn a Deaf Ear,"March 19, 2022",March,2022
205,Eru (feat. Ailee) - Highlight,"March 26, 2022",March,2022
205,2PM (feat. Yoon Eun-hye) - Tik Tok,"March 26, 2022",March,2022
206,Diva - That’s What Happen When In Love,"April 2, 2022",April,2022
206,Sung Si-kyung - I Love U,"April 2, 2022",April,2022
207,Kim Won-jun - Bravo My Youth,"April 9, 2022",April,2022
208,Lee Chan-hyuk (AKMU) - Marine Triumph,"April 16, 2022",April,2022
208,Pentagon - Very Good (Pentagon ver.),"April 16, 2022",April,2022
209,Turbo - Forbidden Game,"April 23, 2022",April,2022
209,(G)I-dle - My Bag,"April 23, 2022",April,2022
210,Black Beat - Wing,"April 30, 2022",April,2022
210,Stella Jang (feat. Olltii) - Cheerleader,"April 30, 2022",April,2022
211,Hyun Young - Draw Out,"May 7, 2022",May,2022
211,Yoon Jong-shin - The Lobster,"May 7, 2022",May,2022
212,Baby V.O.X - To Men,"May 14, 2022",May,2022
212,Day6 - Dance Dance,"May 14, 2022",May,2022
213,Taesaja - Crunch,"May 21, 2022",May,2022
213,Lovelyz - Memories,"May 21, 2022",May,2022
214,H.O.T. - Delight,"May 28, 2022",May,2022
214,Jaejoo Boys (feat. Hockee) - Secret Boy,"May 28, 2022",May,2022
215,Oh My Girl - Guerilla,"June 4, 2022",June,2022
215,Fin.K.L - Disregard,"June 4, 2022",June,2022
216,Jannabi - Surprise!,"June 11, 2022",June,2022
216,Shinhwa - Sharing Forever,"June 11, 2022",June,2022
217,"Gavengers - You Laugh, You're Lucky Yo!","June 18, 2022",June,2022
217,Kim Se-jeong - Do Dum Chit,"June 18, 2022",June,2022
218,Hyolyn - Bae,"June 25, 2022",June,2022
218,f(x) - Vacance,"June 25, 2022",June,2022
219,Hyuna - Babe,"July 2, 2022",July,2022
219,Park Hyo-shin (feat. As One) - Feel... Me.!,"July 2, 2022",July,2022
220,AKMU (with Beenzino) - Tictoc Tictoc Tictoc,"July 9, 2022",July,2022
220,Changmo - Wish,"July 9, 2022",July,2022
221,Wonder Girls (feat. San E) - Act Cool,"July 16, 2022",July,2022
221,Billlie - GingaMingaYo (the strange world),"July 16, 2022",July,2022
222,T.J - Hey Girl,"July 23, 2022",July,2022
222,sogumm - So Fast,"July 23, 2022",July,2022
223,(G)I-dle - Dumdi Dumdi,"July 30, 2022",July,2022
225,g.o.d - 21C Our Hope,"August 13, 2022",August,2022
225,Viviz - Bop Bop!,"August 13, 2022",August,2022
226,"Pengsoo (feat. Tiger JK, Bizzy, Bibi) - This Is Pengsoo","August 20, 2022",August,2022
226,Monsta X - Livin' It Up (Korean ver.),"August 20, 2022",August,2022
227,Psy - Bird,"August 27, 2022",August,2022
227,Jay Park - Bite,"August 27, 2022",August,2022
228,SG Wannabe - Crime and Punishment Part II,"September 3, 2022",September,2022
228,Super Junior - Mr. Simple,"September 3, 2022",September,2022
229,BTS - Where You From,"September 10, 2022",September,2022
229,BTS - Where You From,"September 10, 2022",September,2022
230,Kim Wan-sun - That's You,"September 17, 2022",September,2022
230,Oh My Girl - Liar Liar,"September 17, 2022",September,2022
231,Zico (Block B) - Seoul Drift,"September 24, 2022",September,2022
231,Lee Seung-hwan - I Am,"September 24, 2022",September,2022
232,Chakra - Come A Come,"October 1, 2022",October,2022
232,T-ara - Number 9,"October 1, 2022",October,2022
233,Wendy (Red Velvet) - If I Could Read Your Mind,"October 8, 2022",October,2022
233,"Jamie (feat. Kino (Pentagon), Woodz, Nathan) - PUTP","October 8, 2022",October,2022
234,Girl's Day - Thirsty,"October 15, 2022",October,2022
234,NCT 127 - Fire Truck,"October 15, 2022",October,2022
235,Simon Dominic - Party Forever,"October 22, 2022",October,2022
235,Cherry Filter - Madonna of Combat,"October 22, 2022",October,2022
236,Psy (feat. Suga (BTS)) - That That,"October 29, 2022",October,2022
236,Be'O - LOVE me,"October 29, 2022",October,2022
237,Key (SHINee) - Delight,"November 12, 2022",November,2022
237,Lee Mu-jin - Astronaut,"November 12, 2022",November,2022
238,X4 - Present,"November 19, 2022",November,2022
238,Lee Young-ji (feat. Jay Park) - Day & Night,"November 19, 2022",November,2022
239,Peppertones - Tangerine,"November 26, 2022",November,2022
239,Park Hyo-shin (feat. Kim Bum-soo) - Just Friends,"November 26, 2022",November,2022
240,Moogadang - Unstoppable High Kick,"December 3, 2022",December,2022
240,Implanted Kid - Soldier's DM,"December 3, 2022",December,2022
241,Girls' Generation-TTS - OMG,"December 10, 2022",December,2022
241,Hwayobi - Don't Take My Call,"December 10, 2022",December,2022
242,Blackpink - Kill This Love,"December 17, 2022",December,2022
242,Day6 - So Cool,"December 17, 2022",December,2022
243,Stray Kids - Christmas EveL,"December 24, 2022",December,2022
243,Younha - Oort Cloud,"December 24, 2022",December,2022
246,Seventeen BSS - Just Do It,"January 14, 2023",January,2023
246,Lim Jeong-hee (feat. Hyuna) - Golden Lady,"January 14, 2023",January,2023
247,Pentagon - Sha La La,"January 21, 2023",January,2023
247,Davichi (feat. Baek Chan) - Don't Leave,"January 21, 2023",January,2023
248,Solar (Mamamoo) - Honey,"January 28, 2023",January,2023
248,Rain - Superman,"January 28, 2023",January,2023
249,Sharp - My Lips... Like Warm Coffee,"February 4, 2023",February,2023
249,WJSN - As You Wish,"February 4, 2023",February,2023
250,Hamohamo - Papillon,"February 11, 2023",February,2023
250,Kai (EXO) - Reason,"February 11, 2023",February,2023
251,Taeyang (Big Bang) (feat. Jimin (BTS)) - Vibe,"February 18, 2023",February,2023
251,Kara - Burn,"February 18, 2023",February,2023
252,T.J - Hyuk's Love Story,"February 25, 2023",February,2023
252,Onewe - Love Me,"February 25, 2023",February,2023
253,Hiroki & Tanaka - Cool,"March 4, 2023",March,2023
253,Monsta X - Hero,"March 4, 2023",March,2023
254,Blackpink - Forever Young,"March 11, 2023",March,2023
254,Seventeen BSS (feat. Lee Young-ji) - Fighting,"March 11, 2023",March,2023
255,1TYM - Do You Know Me?,"March 18, 2023",March,2023
255,"MC Jooji (feat. Chin Chilla, Jiselle) - Swag","March 18, 2023",March,2023
256,Winner - Dress Up,"March 25, 2023",March,2023
256,Goofy - Sleeping Child of Winter,"March 25, 2023",March,2023
257,G-Dragon (Big Bang) (feat. Flo Rida) - Heartbreaker,"April 1, 2023",April,2023
257,Diva - Lust In The Wind,"April 1, 2023",April,2023
259,Park Ji-yoon - Steal Away,"April 15, 2023",April,2023
259,BESTie - Pit-a-pat,"April 15, 2023",April,2023
260,g.o.d - I Don't Know About Love,"April 22, 2023",April,2023
260,Nmixx - Love Me Like This,"April 22, 2023",April,2023
262,Cool - Waiting,"May 6, 2023",May,2023
262,Defconn (feat. Minah (Girl's Day)) - Rapper's Breakup Part 2,"May 6, 2023",May,2023
263,K.Will (feat. Choiza (Dynamic Duo)) - Hey You,"May 13, 2023",May,2023
263,"Seventeen, Ailee - Q&A","May 13, 2023",May,2023
264,Super Junior - Sorry Sorry - Answer,"May 20, 2023",May,2023
264,NRG - Making Love,"May 20, 2023",May,2023
265,"Soyeon ((G)I-dle) (feat. Bibi, Lee Young-ji) - Is This Bad B****** Number?","May 27, 2023",May,2023
265,Stray Kids - Get Cool,"May 27, 2023",May,2023
266,Clon - I,"June 3, 2023",June,2023
266,Chungha - Bad Boy,"June 3, 2023",June,2023
267,Yang Dong-geun (feat. Tiger JK) - Run,"June 10, 2023",June,2023
267,Min Hae-kyung - I Got to See You Again,"June 10, 2023",June,2023
268,Girls' Generation-TTS - Checkmate,"June 17, 2023",June,2023
268,S.E.S. - Rock'N Country,"June 17, 2023",June,2023
269,"Girl's Day - Oh, Great!","June 24, 2023",June,2023
269,B1A4 - What's Happening?,"June 24, 2023",June,2023
270,G-Dragon (Big Bang) (feat. Missy Elliott) - Niliria,"July 1, 2023",July,2023
270,Seventeen - Hot,"July 1, 2023",July,2023
271,ONF - Trip Advisor,"July 8, 2023",July,2023
271,Super Junior-T - Don't Go Away,"July 8, 2023",July,2023
272,BTS - Friends,"July 15, 2023",July,2023
273,Suh Soo-nam & Ha Chung-il - A Stingy Life,"July 22, 2023",July,2023
273,Paul Kim (feat. Big Naughty) - Hangang,"July 22, 2023",July,2023
274,EXID - Up & Down,"July 29, 2023",July,2023
274,Jamie (feat. Changmo) - Numbers,"July 29, 2023",July,2023
275,T-ara - Yayaya,"August 5, 2023",August,2023
275,Bewhy - Incheon Airport Freestyle,"August 5, 2023",August,2023
276,Co-Ed School - Bbiribbom Bberibbom,"August 12, 2023",August,2023
276,Kim Won-jun - Every Day,"August 12, 2023",August,2023
277,Ive - Lips,"August 19, 2023",August,2023
277,Dal Shabet - Someone Like U,"August 19, 2023",August,2023
278,Nuclear - Tell Me What You Want,"August 26, 2023",August,2023
278,Meenoi - Dool,"August 26, 2023",August,2023
279,Space A - Sexy Man,"September 2, 2023",September,2023
279,Dynamic Duo (feat. Penomeco) - MSG,"September 2, 2023",September,2023
280,Turbo - My Diary,"September 9, 2023",September,2023
280,IU (feat. G-Dragon) - Palette,"September 9, 2023",September,2023
281,CL - The Seaweed Sway,"September 16, 2023",September,2023
281,Ryang Hyun Ryang Ha - Popcorn Love!,"September 16, 2023",September,2023
282,AKMU - Love Lee,"September 23, 2023",September,2023
282,YB (feat. Drunken Tiger) - Peppermint Candy 2,"September 23, 2023",September,2023
283,Pearl - I Saw It,"September 30, 2023",September,2023
283,Kara - Pandora,"September 30, 2023",September,2023
284,"Dynamic Duo, Lee Young-ji - Smoke","October 7, 2023",October,2023
284,Lee Seung-hwan - Dating Expert,"October 7, 2023",October,2023
285,BTS - Make It Right,"October 14, 2023",October,2023
286,Hwasa (Mamamoo) - I Love My Body,"October 21, 2023",October,2023
286,Winner - I Love U,"October 21, 2023",October,2023
287,Kim Se-jeong - Jenga,"October 28, 2023",October,2023
287,Seen Hyun-hee - Mishmash,"October 28, 2023",October,2023
288,Jessi - Cold Blooded,"November 4, 2023",November,2023
288,AKMU - Freedom,"November 4, 2023",November,2023
289,Zico (Block B) (feat. Penomeco) - Another Level,"November 11, 2023",November,2023
289,Shindosi Power - Straight Outta Newtown,"November 11, 2023",November,2023
290,NewJeans - Zero,"November 18, 2023",November,2023
290,Taeyong (NCT) - Shalala,"November 18, 2023",November,2023
291,Heize - Vingle Vingle,"November 25, 2023",November,2023
291,OLNL (feat. Kid Milli) - Bluetooth,"November 25, 2023",November,2023
292,Seventeen - God of Music,"December 2, 2023",December,2023
292,Jeon Somi - Dumb Dumb,"December 2, 2023",December,2023
293,Gwana - 100 Ramyeon That Filled Our Stomachs,"December 9, 2023",December,2023
293,Kang Ho-dong (feat. Jung Eun-ji (Apink)) - One Minute Ago,"December 9, 2023",December,2023
294,Taemin (Shinee) - Guilty,"December 16, 2023",December,2023
294,Lee Jung-hyun - Crazy,"December 16, 2023",December,2023
295,Jannabi (feat. Lee Su-hyun (AKMU)) - Made In Christmas,"December 23, 2023",December,2023
295,Super Junior - Celebrate,"December 23, 2023",December,2023
296,Uptown - Ola Ola,"December 30, 2023",December,2023
296,Koyote - Bing Bing,"December 30, 2023",December,2023
297,Space A - Lips,"January 6, 2024",January,2024
297,Stray Kids - Lalalala,"January 6, 2024",January,2024
298,Zion.T - Not For Sale,"January 13, 2024",January,2024
298,Young Turks Club - White War,"January 13, 2024",January,2024
299,IU - Shoes,"January 27, 2024",January,2024
299,BtoB - Hello,"January 27, 2024",January,2024
301,Lee Chan-hyuk (AKMU) - 1 Trillion,"February 10, 2024",February,2024
301,Young Tak - Form,"February 10, 2024",February,2024
302,2PM - Space Maja,"February 17, 2024",February,2024
302,Navi (feat. Hyuna) - Wasteful Tears,"February 17, 2024",February,2024
303,"GroovyRoom (feat. Huh Yun-jin (Le Sserafim), Crush) - Yes or No","February 24, 2024",February,2024
303,Nmixx - Soñar (Breaker),"February 24, 2024",February,2024
304,Park Hyo-shin - Comfort,"March 2, 2024",March,2024
304,Bada - Dance Mission,"March 2, 2024",March,2024
305,(G)I-dle - Allergy,"March 9, 2024",March,2024
305,Jeon Somi - Fxxked Up,"March 9, 2024",March,2024
306,Tiger JK - Mantra,"March 16, 2024",March,2024
306,Lee Hyo-ri - Anyclub,"March 16, 2024",March,2024
307,ZE:A - Variety of Ways,"March 23, 2024",March,2024
307,Cherry Filter - Supermarket,"March 23, 2024",March,2024
308,JuJu Club - Essay Love,"March 30, 2024",March,2024
308,Beenzino (feat. Cautious Clay) - Travel Again,"March 30, 2024",March,2024
